consumer_id,PC1,PC2,PC3,PC4,PC5,PC6,PC7,PC8
MTR_A_01,-3.1074068334707983,-3.5353974977183116,-1.167339808653396,-0.3391379131203184,-0.3952458252742782,1.4564189083174497,0.514281320717155,1.4376988057393556
MTR_A_02,-0.8174650383002414,2.022600312440393,1.0164269844755625,-1.5704902384565107,1.576339327669582,1.5938628049935255,0.2676131358882186,0.14190798431541626
MTR_A_03,3.942054151537568,1.2224538031640095,-1.2189642878001623,0.6465916955305189,0.9134365512465034,0.555818684201449,0.7654030115450068,0.9268852155358246
MTR_A_04,0.8118034272417278,1.4477389393619526,-0.4820875821317405,-1.6642100178899333,2.0657970014169282,0.21729881981243582,-0.06354520624598073,-0.22349364482361972
MTR_A_05,-1.390196816156598,-3.4398356403805885,1.1923371370420206,-1.5113256366599102,0.5749336491826718,0.7928610021077407,0.17551399299041426,0.9629028305431955
MTR_A_06,-4.141102564690616,-3.2945894232716744,1.328066718575259,0.8954246188625475,1.1976554043254355,1.8055133800760184,-0.44222661045377215,0.24129707536725767
MTR_B_01,-1.2332321443789287,2.301875161206562,-4.556634340754671,0.8811601309396279,3.023239051764156,0.14821827579713465,1.1530563458276823,0.4913321625505053
MTR_B_02,3.5954604668551604,2.1524486399272886,-1.1361640417827747,-0.11605043258672494,0.9625372159678539,-1.3178049440093114,0.9292225836350135,0.3056725333052297
MTR_B_03,3.330654686924002,4.4163356974871135,-0.4625558584288216,0.8815627083935625,0.10157419385279642,-0.9908752598793479,0.6371960754845801,0.8322783961926564
MTR_B_04,-3.1240164599046563,-0.6187495816219231,1.168342877965578,0.20896366150355414,-0.41232150361026665,-0.2436790008147366,0.5878672588257473,-0.5908715963113745
MTR_B_05,2.8855925213802442,-1.7458586733317343,0.3770775079352114,0.5759524260560904,-0.019208700688579366,0.49971857239068423,-0.8750854209201641,-0.36776914963153895
MTR_B_06,-2.454163617748661,0.5530577752107069,-4.798528348704991,0.016163471512830277,-0.3838833097683644,-0.7280637768546621,0.09059438102503488,-0.2063527162137201
MTR_C_01,1.0318922423273342,-1.4850199874875154,0.2514999476723348,-1.8082594257555022,1.0919347945320015,-0.9531871693947528,1.2399300473746828,0.335391020012958
MTR_C_02,1.3008423209156104,3.4360464176338494,0.8912469296259418,-0.9180576593443036,0.9406833530002648,-1.453193692025942,0.5102602939916242,-0.8183399837337945
MTR_C_03,-3.3355108642214417,1.2437335409158892,1.633483921767904,-0.25619016569880537,-2.7099168159040756,-0.25554650363227266,1.3606473078229087,0.8780932221503553
MTR_C_04,-3.052162810102322,1.2854817805753842,1.1988957130542874,0.5196168991752599,0.21699116184892547,-0.6138112884087075,0.5017985404246639,-0.019240547480302992
MTR_C_05,1.4873827330825833,0.25307165806830506,1.003452489504068,-0.08052361519909432,0.584340507275997,-1.7817916977487758,0.7206261012069478,0.30492906754548893
MTR_C_06,0.09924276608291017,2.790225245991856,0.5089142994123573,-1.7412940468086107,0.6409788954331611,-0.5312383705990867,0.24409646944963134,1.4325820480610145
MTR_D_01,-3.688795206355517,5.051343648087598,-0.41919163543038535,0.8813447776856292,1.5332733070428681,0.1282154274086535,1.2970346347976796,1.2846712987114992
MTR_D_02,-0.9112210312710955,-0.696198941135463,0.5464122889023554,-0.6709004784321969,-0.2516795631317776,0.1659176085434999,-0.08897256516710197,0.5824806017872172
MTR_D_03,-2.575738384371838,1.2693487577647684,-1.1352360969118465,0.554020682904457,-0.096124761897626,0.18084087783740105,0.2922728329861654,-0.6823560298009298
MTR_D_04,0.8162144755340228,-0.9652763524360314,-0.4283701022829359,-1.837813806196376,0.160985342781416,-0.06931292398061092,-0.41399205639111686,0.2386503875315259
MTR_D_05,2.5698003407784875,-0.15903840669432226,1.9557225358217305,-0.7241717394119649,1.512360599885086,1.5267421589993586,-0.1006732249164827,0.9073382630079501
MTR_D_06,0.08995494977498093,3.0966169607616343,3.0212431105883706,-0.9369003676621703,-0.07771684547235283,0.5805629033865091,-1.2936274533945629,-0.08812930539981943
MTR_E_01,2.1790175517959303,2.667635506917931,0.2080130022844292,-0.9332108586629131,-0.7097966789197366,2.20062938500076,0.8302796366062154,-2.141834396251532
MTR_E_02,-2.3375723550085583,0.05004087731901731,-1.870870014046058,1.9786349583118084,-0.5731646221931213,-0.4607924349786957,-1.8032782400671816,1.1767306936816908
MTR_E_03,3.1693131983654763,-0.701295865082349,-1.2367873970511831,0.04811267124791972,1.3494646136323947,-0.2760250502809593,0.9207721150588591,0.09039808519811747
MTR_E_04,-3.9788015561399046,2.9333382654681808,-3.571758374612011,0.11700995129772088,-2.3236103430277364,0.49169083688490306,0.4095693908164295,0.8647364113365749
MTR_E_05,-4.377469113790689,1.9938951455688039,-0.8307484917216188,0.91650357941582,-0.414452366605995,-0.14412003346281466,-0.8322391694074608,1.4690698581783277
MTR_E_06,0.7405246940494389,-1.830887839877297,0.40573739079954,0.5426149452071228,1.3803755255750934,-0.50150157389134,-0.032056549073638876,0.25598910477535713
MTR_F_01,1.8729971849531553,-1.1781911993379612,1.0029652864737566,2.030621663315282,0.33210211538156226,0.7415132619511285,-0.9302669922086328,0.5644991377168223
MTR_F_02,-3.537270453746318,-0.5327387722061631,-2.0644499003035013,-0.2466130158767375,0.6479938743793218,-0.32771384052286434,0.882695818727683,-0.01956045066797291
MTR_F_03,-2.2517836948096024,-3.485615942962088,0.5483482012605393,1.3277983201029209,-0.40338121691195267,-0.20936234921624886,-0.41573046464052005,0.6366224110347206
MTR_F_04,-1.2872619457413732,-0.14126147148300305,2.409477227344349,0.2028835851749726,-0.523802093360133,0.05580807679322403,-0.6328182823031671,-0.7268965112051382
MTR_F_05,4.053381605777786,-2.7888131639691323,-1.580787399940422,2.3992157911480545,-0.07413818010353342,1.070286495147275,1.059998371590662,1.0587221520638623
MTR_F_06,3.1145429502320336,-2.506324452744256,1.6945359709824601,0.5073511426259872,0.4966593856495829,-0.7509808673358087,0.5266731758007966,1.0332282722911568
MTR_G_01,1.5878369729557857,0.9246722475544931,1.4257517505630064,-0.28443619800608216,-0.873519666158447,0.528837406066481,-0.5754939832803226,-0.9604691915323826
MTR_G_02,-0.7845830313307738,-1.1324467739978314,2.050374114830958,-0.17725732835419056,-2.8305165791785236,0.266872574736509,0.34296507241673446,0.26376160119365444
MTR_G_03,1.2377976581705639,2.0618415769702567,1.2419967191737211,1.673995214630489,0.9548247811522681,0.03135268382795538,0.8458167812569325,-0.00017748931433263817
MTR_G_04,2.5203899583083236,0.8406316329422076,-3.844567293289783,-1.3131961779798136,-1.2828837241425959,-0.08043893488370445,-0.8628763105616903,0.08738616002460121
MTR_G_05,-0.7118016938497126,-0.6569576421978955,2.854453350646168,-0.9224514421899808,-1.7748781601426737,1.0625125256745596,-0.4473831404259061,0.10738049424451623
MTR_G_06,-1.9911447655239285,-2.675623780173313,-0.7023864195445324,-0.40497922233858247,1.7687678531944417,0.5046382350982233,0.7738385222197163,0.043827931104299694
MTR_H_01,0.6542695790063878,1.4652169626099538,0.8960911070029727,-1.8687251543593775,1.6233478033070066,-0.8531497033492138,1.3827070756276676,-0.4673571882654553
MTR_H_02,-1.4011867580901367,-1.0659313083020114,-5.178178331106209,1.8917331475779637,0.14712275850641748,0.18303490526129765,0.9521841876216754,-1.087907254963519
MTR_H_03,0.49803656906862276,0.7743641667662882,-0.03994335923782931,-0.9960565499900245,-0.47105414221711167,-1.0145854410837158,0.2972568834638478,0.3746984238772131
MTR_H_04,-0.48959287464231876,1.2118795087717271,1.9527569813748302,-0.8687934287780025,-1.0854084330294422,0.8596741177979389,0.5731555465322563,-0.7737724013422884
MTR_H_05,3.192672326700365,-1.8004649148448453,0.5883084912764135,3.1256394084241452,2.4667709719474002,2.0734216681449262,-1.4930536523386115,-1.1845994961446031
MTR_H_06,0.362743225678434,0.4857008591589909,-2.457997788067139,-1.5226163916005355,1.6253994368760292,-0.3301318335182993,-0.13746984653167119,-0.6761812504325864
MTR_I_01,-3.7801844832646454,1.4692048007777494,-1.3161025030085802,-0.9639414827334271,1.8942422467855906,1.1620524342526757,0.9326964366981606,0.4518393690131463
MTR_I_02,-4.265946162742844,0.43807852374587414,-2.2810180905210413,-1.1771213347029068,1.8581941457295055,-1.0187007964374029,-0.4670550641446304,-0.30824545145893806
MTR_I_03,3.4600584742823135,-0.9052555531750008,-1.4975262326969652,0.5546976598581178,-0.8136537892351214,0.8719969913627907,0.30521843274897836,0.04708864411281895
MTR_I_04,-2.1081749237461604,1.454669370693725,-2.9552497296316407,-0.3790006912869626,-1.1979295445821558,-0.3256150416886807,-0.08932999870258371,-0.6970954753291685
MTR_I_05,-1.7690360984503408,3.167540811515037,-1.27579069682931,0.24419380771575325,-1.3685731153638503,-0.6876715375041444,-1.1063451453352051,0.47443884321241686
MTR_I_06,0.31735732909137115,1.4623625983406108,1.4143298704395104,-0.73876279547149,-0.48832513637708064,1.174132897830421,0.8188993228165808,-0.4983345448118269
MTR_J_01,2.862659551110478,3.727879483261608,0.2169299504574495,0.7226367133728366,-0.6016654320412591,0.7518105130976943,1.1077917564889248,0.0888212489030275
MTR_J_02,1.35120172212795,1.3193777705098761,1.4475083435940144,-0.5291165132667972,-1.298738081755354,-2.0822393893087368,-1.3404596969185456,0.6614455114823674
MTR_J_03,2.973865785804815,1.6958428082731003,1.5063933825932239,0.6925336555980923,-0.7198300832279841,-1.7976109857627183,0.7507284835668536,-1.5278955660792708
MTR_J_04,2.3587501235901907,0.634321192734531,0.6840324276155219,1.2842392414372685,0.09227997518840068,-1.333030824858529,0.5268990599517203,-0.7440798866121319
MTR_J_05,3.9673039520179034,3.814029787626252,-2.3121612745403013,2.430267028549565,0.8262321590988009,0.18817431219655834,0.3604695270223675,-0.847418695410099
MTR_J_06,-2.7252244651733086,2.0062929002489995,-4.205743834532512,-0.577534656565162,0.13376310902419739,-1.1956573533301829,2.3863103324484625,0.8821248343466046
MTR_K_01,3.2936175403258363,1.0253649645316048,0.8867784413621473,0.7337403130022231,0.31959825228533845,-1.2178795432766922,0.9481801427596452,0.15751308701494657
MTR_K_02,2.1580880636833206,-0.2664880129087558,-1.4403849801840007,-1.2136540129897448,-1.6215068977096685,0.670548914669428,-1.0111929872130698,-0.8144613863094929
MTR_K_03,0.8986747399038696,-0.42823328144881667,-2.031992549260442,-1.1211579800469123,-2.2378470627093026,-0.23570073660834437,-2.0521478577858363,-1.1800705666091886
MTR_K_04,-1.4193725695604467,-2.6621670351967675,-1.958651605753595,-0.10784563820729555,1.7865293925809025,1.5645565506559944,1.6337069926298413,0.9185647303874815
MTR_K_05,1.8556695584030132,-2.248347846068958,0.8986416028464393,1.1488108065248164,1.9531361864762689,-1.9309749116275485,0.7729090076515799,-0.6739989276532743
MTR_K_06,-0.1134048659016831,0.9267439328514336,0.44003859018701813,-1.0704292696598663,0.4104085521102585,0.15044196348802827,0.22669054749872083,-0.9255269621137513
MTR_L_01,0.24826383168604158,2.9096454173508675,0.6493738777260653,-1.775320583095201,-0.4754384070212726,-2.36320964550122,0.3593005619908432,-0.19966179778537896
MTR_L_02,3.0793267935020365,-0.7955779913095427,1.511847585234524,1.3171510862022018,-0.3137084392057082,0.697559878903633,0.05778400847851602,0.1981687117480224
MTR_L_03,1.2350534836101934,-3.0048457952353513,2.947568235132204,0.6681240676093981,-1.0918583609051735,1.2068772295829657,1.480636432059645,-0.4518469096884298
MTR_L_04,1.8462694282281242,-1.5446438578862733,-0.1281708087751674,-1.960086119413461,-0.43891299785389326,-1.8829939579905144,-0.8657776486374937,-0.5379754873769078
MTR_L_05,-0.43342036134743206,-0.10587039785990594,0.05586807828771253,-2.8151161721896396,-0.27128859255414295,-0.7211289298838701,1.356944073506037,0.9121773061549645
MTR_L_06,-3.8824377288903826,2.4056605401896434,1.5922951382676092,3.979821528125059,1.0602814986003934,1.3743143117279628,-0.10937785312353958,-2.057342647623566
MTR_M_01,0.17627856539377287,-1.8891956499109823,0.8964910885579833,-1.1770312075048126,0.0027332792122354748,-1.4574697408905652,-1.7309157760744378,2.180778532342603
MTR_M_02,-3.2726784027882503,-2.9141011689676337,0.21073616097575468,1.6519232871995804,0.7431601910191666,-0.6850868192141101,0.6452160874046164,-0.8134213048318124
MTR_M_03,0.8566837674642923,-2.1373911316213308,0.5198032169557737,-1.7578101057299702,0.44371496306345026,-0.5187404077502833,-0.7865361264414026,-0.29698818645687153
MTR_M_04,2.1256866594858823,-5.536180416044479,-1.2047062276764557,-0.3957413630465192,1.5337983253936769,0.4854924291914633,1.1570975375749528,0.7387065579707116
MTR_M_05,-1.2314086869148013,-0.10151466255596586,0.7506226556409124,-2.219914341218059,-1.402461146799656,-1.4294924086157823,-1.1476009882334193,-0.24737092400640814
MTR_M_06,2.1000092054285506,-1.4319060128981287,-4.105065516205549,-0.2578567776807706,-2.3280980639200033,0.20716442401977092,-1.147048784729898,-0.6773549496382091
MTR_N_01,-2.032492365552204,-1.816227136637557,1.1642936023471386,1.2129437687867408,-1.0934632864259413,0.8566670702612371,-1.2323661037617926,0.11515808113890584
MTR_N_02,-2.9121253750173213,-0.9196566701754175,-1.0180870345699913,1.1822280505079563,0.3985395804778884,0.04850370196873251,0.4778852800169576,0.054949344712615714
MTR_N_03,-2.1111145553883017,-0.7930894640810495,-5.130722199432273,-0.26194713269446923,2.063193767804139,-0.5656945917034376,-1.1681747882038263,0.43562565932550945
MTR_N_04,-4.009257295645207,2.151876694295478,-1.8751009869133797,1.0300248236323397,-0.4910298868587095,0.1309852882112281,-1.2098932248490235,0.341916266174639
MTR_N_05,-1.0037715579363282,-0.03950953104715431,0.9579139961671276,-0.2522262297156058,-0.5510402223839177,0.49535667492355145,-1.2324560520390457,0.6413844069477164
MTR_N_06,1.4005346958622482,3.1855191450645397,-3.7089556085149558,-2.1464384188301215,0.8157840334966788,1.7165341136218137,-0.036573676912829714,1.67867560186199
MTR_O_01,2.1217562648474613,-1.6450766976212217,1.6995988828173028,1.308615601422637,0.6695174286626928,0.7951687137170073,-0.16693420172794265,-0.3241492288459054
MTR_O_02,0.06877863480898094,-0.8229468593475354,0.17697851727855432,-1.7722649226757776,1.3805447414027687,-0.823359933278569,0.18307604074274825,0.4357145544120188
MTR_O_03,2.6550876074930088,0.19805874556258682,0.5026956062217749,1.1849925354829427,1.4391521514910972,-1.9646703236006027,-0.02999891950098906,0.5520845455451898
MTR_O_04,2.84714374015024,0.45954058672859094,0.8237892310472859,0.7157535905863031,-0.2671928768498689,0.012858482633134806,0.6273977158648928,0.7041669356464995
MTR_O_05,-3.8150433826042907,-1.7257421901059324,-0.9613906698406085,-0.4798782842220683,0.06401346553285792,-0.011742401403398162,1.452365556685626,0.5935573986372237
MTR_O_06,-0.6270904012062927,-3.2986092867098957,3.07353878113932,-0.6448155885257085,0.4849356853799233,0.7058641153090329,-0.5925868680021101,0.3801400451155553
MTR_P_01,-4.372558387866505,2.384829538176489,-0.829588647294352,1.0988918017012965,-1.6585014816422396,1.3845175321964187,-0.5174462955930494,-1.013348888821824
MTR_P_02,1.8342698553937296,0.7932778090711947,1.990748895349201,1.7768489420279558,-1.001171178516535,0.47757380588835285,1.2636117500508925,0.14829917587940364
MTR_P_03,2.907158971728736,0.06995765611449378,-0.1679461444700156,0.8696443916687318,-2.184498060818043,-0.968337548771705,1.2894486861571308,-0.4158395496698004
MTR_P_04,-2.4388777666549535,-0.14467046342356182,-1.417607583152253,0.24325475789019194,-3.9238756342632204,0.706123497530695,1.3069338833328588,0.3527944566716206
MTR_P_05,1.64879568657583,-0.22824009934485204,0.08798717086018878,-1.9953473688250893,0.920490867867994,1.4322132825640441,1.0624026260137194,-0.37020752734732887
MTR_P_06,-2.161953578421029,-0.2566351850260959,-2.093671194991466,0.17494640893567906,-0.5805998965197127,-0.194281562780726,1.116070954765127,0.823811648451426
MTR_Q_01,0.6721389124563152,1.458911459429029,-1.8441508513463458,-1.215960054278611,-0.43693266556946164,1.52779198163443,-0.828905908617926,-0.2634156103967194
MTR_Q_02,-0.3176799981603275,0.577424649237758,1.6705613666976475,-0.7358452996214317,1.504467046143161,1.1514377165038443,-0.7590961027950115,0.8911672858300298
MTR_Q_03,-3.857706729721056,-1.4140649819559055,0.8579228703104139,-0.9696775445298741,0.48888419827560814,0.3984777072649998,0.16628190461002904,0.7346341078423411
MTR_Q_04,-2.709127758187381,2.9324355160809086,1.0445981077431172,0.13680121291617328,0.21643785856953424,0.491784068287549,0.39637803944669064,-0.7111447101590106
MTR_Q_05,-4.163886086053951,3.239568836649191,0.04701547081297009,0.5205955523867037,0.20842026970895436,1.02475069270275,0.0032197215072909202,-0.2431889154428412
MTR_Q_06,-2.001761314235036,2.1077397106475733,1.242282046366892,1.211228308221976,-1.0208431934722577,0.5612078675131444,0.2924419015624417,1.408791471137933
MTR_R_01,-0.803219267613187,4.404256649856135,2.9847409852973366,-1.4066590219813364,1.6752150314978358,-0.16234879139447114,0.12971631348541438,0.25781504006471134
MTR_R_02,1.119658336082871,1.6448655000262018,4.0731291709568085,2.246479970554782,1.6228363999182247,-0.8760578869399376,0.17545527988953077,-0.30884823441243614
MTR_R_03,1.1451388525562658,2.9460167704261493,0.48283992533583314,0.0719624673306435,3.336109388204711,1.3615681043162253,-1.327021471122189,-0.767721968410356
MTR_R_04,1.2524336401533407,0.6320020066314161,2.324779669015086,-1.4476860852153168,2.565051916498276,0.07441642237632697,0.021825100923607902,0.22287101465560602
MTR_R_05,2.9951839590262677,1.128195526348366,0.038815823057447574,1.7373557662733323,0.14465448365950814,-1.1755299555777212,1.550738395796535,0.25739724821555127
MTR_R_06,0.05818526419878736,1.2092695141752698,3.0279233119613735,-1.4437209006593297,0.29821694475220645,-0.3175837610944321,-0.4812896615838385,0.9520497768863747
MTR_S_01,1.8670813215111992,1.9322160729510678,-1.2497588906232395,-1.1552246354385198,-0.9511429555206031,0.7230478629590616,-0.2591937559884241,-1.774245411609311
MTR_S_02,1.9493376971993988,2.286063226460589,1.4339795972482918,1.2164124370966762,1.7597295040353906,0.625347651193577,0.43054613423403826,1.2567289816533014
MTR_S_03,3.8735220016364806,0.5220400806593554,-0.5175094756671947,1.3112114696215793,-1.3645354087997563,0.26203523522128397,0.5581994915076094,2.0870362720893945
MTR_S_04,3.214440667285193,-1.1030133840425866,0.60589810867336,0.14911486311120067,0.71947762496139,-1.1988768583481406,-0.6742975033745326,-0.20081537150807383
MTR_S_05,-2.032568040578794,-0.8267205893413289,-3.722647342170555,0.8514354532125677,-0.9198093309782873,-0.16222111182391047,0.4387169391277077,-0.9224431880979429
MTR_S_06,-2.0172723468749947,2.552619304141183,-3.0240811207251994,-0.19804871670698007,-1.3034979898194092,0.17686288686830515,0.6142597899601215,1.4697048940023367
MTR_T_01,-1.5458246679539283,-0.6533799196919988,2.1741423831198237,0.13244735029791996,-1.0882881771296549,-2.169346661327412,-1.594959271502779,-0.24599367037628905
MTR_T_02,2.3069160332933456,-4.131548284401793,1.044044555481388,-0.31050361061943005,-0.15678322622761742,-1.2876495866496993,1.0668335578002555,0.07561733524815399
MTR_T_03,0.00847436367519807,-0.4251398568903152,3.143687520936054,-1.540780423036789,0.1589208788826638,-1.0506297655878154,1.2809979133445877,-1.1745925103110155
MTR_T_04,1.4286985853778167,3.984310725915907,2.305040939262082,1.3395828253811106,0.27907237872560486,-0.3736212473556338,-0.6739653697132628,0.9640653084052074
MTR_T_05,-2.1790798707572434,-1.7815437557181384,0.29101318913982016,0.24490801797423525,-0.6377187098151874,0.012522549233293405,0.2931053252691914,0.45991481927002187
MTR_T_06,-3.910355192911349,-4.619512034253696,-1.8830100500325264,-1.7833030934543457,-0.37650118274801525,-0.991984371457627,-0.052640396395383766,-0.013644050906777075
MTR_U_01,1.2976414628889537,0.4162833658203646,-0.8302770531234415,1.2357995223513794,-1.6514170706876086,-0.4491515881739127,-0.3042188018768641,0.4004923897891793
MTR_U_02,0.46658548668327754,-0.17077182212412592,-3.1136339241734667,-2.214355583290241,0.8853112716762593,2.97793798445255,-1.5494680037462207,0.3500834537363204
MTR_U_03,3.2074247120587818,0.27638130127932375,1.1564817475974218,1.6447591901851935,-2.358975986625295,-0.24131182358148756,-0.35311988431099883,-0.3811583875796417
MTR_U_04,1.8908005896471973,-0.5472648890531012,0.20214839560614756,0.3638436820054252,0.31319584353459895,0.703177246150459,1.6566199331185956,0.6660699915070714
MTR_U_05,-2.5629252540375056,0.08114436026733743,-3.0323734583596855,0.8963754671967002,-0.0898224289731361,1.385630320261788,-0.43126743705816634,-1.8361396885480505
MTR_U_06,3.8206347410207946,0.41287732796334214,-1.9562375038287203,2.2153853220717523,1.5218475079365765,-0.17054404297222547,-1.2921721668036088,1.3048959921964105
MTR_V_01,1.763362800632384,2.6127784180191105,2.393889311179945,0.2955711484855211,-0.5099077563818047,-0.3982865549403912,1.1165484659406586,-0.31399198200567485
MTR_V_02,-0.33008309336423675,-0.06954734858684394,0.6617524055050479,-2.2901065605849076,-1.9097705946182193,1.6423255683962852,-1.469406917708291,0.7018031267976454
MTR_V_03,1.6919627743383587,-0.9392753193997848,1.0244975986023066,-1.8345033459957183,-1.2749256381373615,0.9350562379863495,-1.1170866798745824,0.6407159782205425
MTR_V_04,3.0278810759067545,-1.550024354184013,-0.29545178618841045,0.6990386953060393,-2.3078548005540886,-1.7535007051018319,0.08835336333989112,0.20265437716397286
MTR_V_05,3.1274677561042337,1.7220255920586942,0.07976549733658278,0.4419238765940164,-0.2924697819167814,-1.019498270162944,-0.005056732895690754,-0.7463234258026438
MTR_V_06,-0.31642348024129185,-0.07158755994187486,1.3818116273930772,-1.9572000023549965,-0.12643277357174193,1.5062073603462334,0.33853082394620176,0.6009814865782647
MTR_W_01,1.5510599725830896,0.3186455097332762,0.1237268388577482,1.403811818539723,-0.09830143104777526,0.4728703532165767,0.5413773619104848,-0.9597938925933805
MTR_W_02,0.27368808687917995,-0.5276426404243464,-0.5009890834218236,-2.8532712671742746,-0.9284100868993964,2.1452551430854814,1.2622708448630446,0.742540619204563
MTR_W_03,-2.7794660055051845,1.8310229088198646,-1.7518206010415267,-0.2845740164205279,1.5219330191862988,0.3922588144043805,1.4697901550392614,-0.4553522436021197
MTR_W_04,0.7704180010589531,2.1301964341116575,-1.1513532322051263,-2.4824721748821745,-1.5907263414865194,-0.2586721191657281,0.4298524660591588,-0.5871131964266955
MTR_W_05,1.6222344941424984,3.6504698403104965,1.324330729770173,-0.9124646692105701,-2.2912132134371723,1.5607779665384487,-0.640720286977536,-1.1408401371969645
MTR_W_06,-1.9746272338081314,-0.718857087863855,-0.5167356401799151,-0.2456916899529303,-0.30092639248990627,-0.0805567411398782,-0.4834569156181584,0.3306204246085106
MTR_X_01,1.699205072930202,-0.46820409686290526,1.6454831950454025,-0.3342216882761673,-1.0579212968743013,-0.5160838827869753,1.5092185497187645,0.6256711882278383
MTR_X_02,-1.9944046021863195,-0.6437864324198372,-0.1538930149667688,0.9576330205446294,-0.1701736193579955,-0.021123995782247412,-0.05977170043591307,-1.3185202732368488
MTR_X_03,2.990231574328264,-1.624338183601409,-1.8160304620961671,1.322649153639087,-1.233674528470137,0.17248422208460254,-0.3802142528319303,-0.7061156750001591
MTR_X_04,3.3253403464026605,-3.19837817927865,0.45733332076661287,1.3416242488560906,1.0129515418874493,-1.3846155622041891,-0.9987410986207167,0.17931810694029404
MTR_X_05,-0.5249079333059429,1.7415852646999839,-0.8431220289322182,-2.451825347141098,-0.38888800702217524,0.27807581145770555,0.4700875377862074,-0.9028317519491948
MTR_X_06,3.850635667145368,-1.5123106734293743,-3.360096910927656,1.4588610672329918,-1.153491062938633,1.6599617262197497,0.15465750994905028,1.1682690846824244
MTR_Y_01,1.425016295191004,-0.6344096060197645,0.6321325013312405,2.8913143504946763,-1.9356850361220725,-0.36660663484437933,-1.275834327884577,-0.05717165320964611
MTR_Y_02,-3.889628441778567,1.3944945582316082,-0.5780303831678069,1.403415157496093,0.6806481972315828,-0.3784476453229403,-0.3964027576822578,0.24711345476967433
MTR_Y_03,-2.1229242579006415,-0.3083534080352227,-2.4330801906888615,0.7410109435200134,1.0830668279857218,0.22419730475282804,-0.6759799864370086,-0.3886671638986371
MTR_Y_04,2.6104036133558246,-1.4641399431343631,1.17115440841969,2.8059974062941886,-1.9445078855084201,0.3094735792583716,0.362464778774174,-0.21458364274720168
MTR_Y_05,-1.7873860190386084,0.022225023407763264,-1.409128510160395,1.2825171105751367,0.971510003913702,-1.7980831075803412,-0.4013208021652585,0.4518634968660963
MTR_Y_06,-4.261222265089994,0.8815855392050148,-2.1770032892420494,1.221924211320826,1.4717493343686476,-1.0011624107470558,-0.41428762355655324,1.730879012332778
MTR_Z_01,1.165440761396734,-1.6709656900780985,0.595456397029725,-1.7027938295637923,0.8772228336428091,-0.8480083594407348,1.120437661563044,-0.894441201613983
MTR_Z_02,1.6772080061202495,1.364660938613703,0.5255817050274401,-2.0460960536330006,2.000076958747872,0.35733063812991595,-0.07348616150081838,-0.2487919671477132
MTR_Z_03,0.23863376587129007,-1.3515686898413468,0.4641122394534431,-1.1134456674469664,-0.4127481056866825,0.33740511409491325,0.6820089699278762,-0.6500524728015331
MTR_Z_04,-3.8624183070490785,2.6602266439665443,2.151896997732834,1.4186565368678479,-0.21030431296245108,-0.7233394502318164,-0.40788694285571353,0.3108474954341133
MTR_Z_05,-4.962405176662783,4.056229580204252,2.0857877136913405,3.8519913405019834,-3.2964196432305575,-0.28130896240901127,-0.43276790121963926,0.1630318397439126
MTR_Z_06,2.2267927804457113,-0.8460082956384656,1.8723878571946921,0.6538323431204879,0.3684967665541154,-0.8573229738254411,-0.09328863277376352,1.0649272340049645
MTR_[_01,3.5241621379429153,-0.30541264811608326,-2.0438654405749315,0.9197554495895365,0.13690049827731068,-1.969726133812564,0.44048362066985725,-1.2659417921341478
MTR_[_02,-4.34767598312634,0.5926481450343134,3.353386046139618,2.2279468003278247,0.8418172873279998,1.2959532114061014,-0.5684352873726981,1.4214649473710221
MTR_[_03,-2.0875081145166132,-1.1770463271246736,0.7386023332448539,0.3824587988120477,0.20584696573338754,1.6646697026426587,0.6080691270197071,0.02623204249351082
MTR_[_04,3.7966331110581653,2.806783316614207,-2.930229534668408,1.8695379116257516,-0.9953164062904052,-0.62601443314939,0.9357928950363336,-0.5125264229654654
MTR_[_05,-0.005979387690269012,-0.1645120619965826,-2.18585566858729,-1.0270237855747741,-0.32519898873205694,1.2355250909021604,-0.7486361347389654,-0.04161446850044995
MTR_[_06,-2.259643337348787,-0.6389104648571465,0.20896890973850163,0.880989937485944,-3.3769936296826417,0.6449818194922566,-0.23561040455605467,1.289163682468854
MTR_\_01,-3.610971558234283,-3.652402954148745,-1.6302875423950827,1.2854517811981858,2.3406369047195597,-0.9526360481583926,-1.0777853560785153,-0.5497560954299135
MTR_\_02,-0.3647417533745526,-3.774585318965208,-0.05635653067884543,-1.760582144463896,-2.269540210737925,0.34617517186985897,0.7259600570943044,-0.7239021301241042
MTR_\_03,1.2536192395886825,-4.04953492116069,0.528785641733863,1.6720905797507122,0.3492625278103556,0.6223940520006035,1.5179333042987504,-0.4086132409338617
MTR_\_04,-0.5527228052946436,-1.082577080845941,-1.641674725864864,-2.339809884003921,-0.26575956062259515,-0.6201758353320042,-0.08900994919749972,-0.5831350844479272
MTR_\_05,-1.9349997771072782,0.9611206759719597,-1.6133703993266373,0.5295951472851235,2.2744882036973424,0.30405494474554595,-0.963418733868733,0.47598259931842174
MTR_\_06,2.898296384681988,-2.5877353651950634,0.6803716069567936,1.6045163452800426,1.0099442782874501,0.9957484952060538,0.40738943010540635,-0.28498284014707026
MTR_]_01,2.9745801779080634,-0.4165358521912558,-2.009666556295385,0.4922089652647863,0.04741882876067603,-0.33314786189958284,0.9197879996730614,-0.851701231375857
MTR_]_02,-0.605027801064221,0.655329554925524,1.9671995057189102,-1.567102256858846,1.2500676527840773,0.2895740582190644,-0.02897941346394213,0.33726659360920763
MTR_]_03,3.0692536315015047,-3.184014781381729,-0.053665204816960486,2.1450001464130497,-0.2864302731587401,2.6752460645227254,0.3798994924594034,-0.854718204306402
MTR_]_04,-1.129720732322353,-0.0553655025159623,4.25034933730852,-1.2634449460678987,0.09124030533054504,0.8121319092217494,-0.06711338656111494,-0.4813070943054326
MTR_]_05,-3.0156287174705434,2.9144877130725737,0.1644417727240616,0.48428109605029346,-0.5793664210345768,-1.073916692356469,0.491032210445173,-0.383325551630105
MTR_]_06,-4.614323389875186,2.015453731161145,2.4921554930514516,0.7960045538666095,1.0388625922564214,-0.601334914132976,0.24400931809679166,0.2915854882529773
MTR_^_01,-4.630144443080746,-1.5380736694985426,2.083373037367288,0.042915519935503486,0.2858533842207937,-0.7849196529681762,0.9067366673942538,0.6389412020005567
MTR_^_02,0.12122846288027135,2.1705231208133187,1.9276086383582622,-1.6534959693617806,0.7479873812746554,0.1171235729556521,0.09269959990184146,-0.6500427587060108
MTR_^_03,-0.7679389289250321,1.429632834198972,-0.667852745759698,-1.75016590130331,0.11542293286032787,-0.09217930845962989,-1.420746252944537,0.3729911783506607
MTR_^_04,1.700038646713052,1.0806608689578456,1.3491606917847152,0.7157291742344942,-0.845743051283616,-2.211739430945401,-0.5677350456499166,0.15754935864420438
MTR_^_05,1.7533660401189044,1.768464143377305,0.7501772884876851,-2.4668244971212165,-0.07297707885515028,0.7328274018070142,-0.38158195321800137,-0.20412430482708785
MTR_^_06,0.15278892714149814,2.2817094239825586,1.3137772176126694,-1.0682523440599718,-2.1416278862632057,1.5392099275482654,-0.2418611197217804,0.1629613423086404
MTR___01,0.7628987324846792,0.21061247171953096,1.220512595613994,-0.4459289549394731,-0.18797569515494159,0.1634861512234605,-1.4414299608618704,0.5143215927128562
MTR___02,0.7064691336150248,2.074081427127932,0.10318974308459357,-2.192520317539447,0.6349404309217255,-1.0035611671363471,-0.5346635609660269,0.6386912645079792
MTR___03,-4.246704776715191,-0.05793863323009797,0.11771449313878248,0.4862921159377421,0.48865759103866385,-0.9872424284088903,0.35701486496959967,-1.137582251597311
MTR___04,-2.107357314162269,-1.0877783042124702,-1.4804123229743766,0.5146585064850476,1.2991152652725761,-2.0289752329735147,0.413209310715103,-1.3290992502836967
MTR___05,2.841926856006708,4.161896229797872,3.1232790481845862,2.0429830946392187,-1.1567275326238942,0.5818189947361442,0.8322093864064943,0.22848693462986652
MTR___06,0.23549084455019745,1.6118623779784003,3.6643934805314204,-1.8936253117564852,0.07934193946995094,-0.7367387286492051,0.42918605104611984,1.0399083724232003
MTR_`_01,0.8860130603137415,-1.5532958556136527,2.269671164358103,-2.0930682655657873,-0.5567763416880672,-0.5235009441922779,0.135096360704477,-0.11269920052321138
MTR_`_02,2.8694417538165107,0.30734473319528577,-2.658957476068144,1.1273492188867658,-0.15373400282030567,0.0173944147861493,-0.49364674932612357,0.37975997242368004
MTR_`_03,-4.595634966965103,-4.820855394172555,1.39955260123468,-0.7716025072713435,-0.31696980528306945,-0.043810992155899064,0.5157009558365081,-0.2562440082385584
MTR_`_04,1.8434053947258129,-3.7312770901355687,-0.002034136670525763,0.27966785640019637,0.5179418423985582,-0.4169592099135896,-0.29703150845544196,-0.6811244459191242
MTR_`_05,0.7802118120337675,2.380737131893626,2.0741889064388164,-0.3953456374599635,-0.3905360414028261,0.73190848305813,1.0383664852139538,-0.8012613322162061
MTR_`_06,3.1268265761734924,0.3751050912842784,-1.1804944250027931,1.5521532716900734,0.5089345251084488,-1.0581414103325415,-1.142994270554307,0.7853720496069402
MTR_a_01,-0.40357959354598805,1.7150560586261003,0.6581776113282684,-0.6383191205240898,1.3598611884161678,-0.09791981884213805,-1.239715596898013,0.3168667448003644
MTR_a_02,0.31934920983928733,-1.9954214083617074,-1.2132697982200165,-1.4036999537312194,1.3012593115271263,-0.4288990264596769,-0.5037505605068554,-0.6689840530944807
MTR_a_03,3.6491262092344336,1.2573368403645158,-0.4782205538557475,1.3406691283537107,2.6454434169908465,0.001656216524600656,0.529251197087256,-0.5667566315230468
MTR_a_04,-4.13712446273226,-1.371189720410762,2.69533625188924,0.6957136519682375,0.3262620668635657,0.8910097317976141,-0.34111002045322264,-0.3124607235392468
MTR_a_05,3.8091317605150077,-2.0749668131230905,-2.0275543666756852,0.8603338553240331,0.030327259065398054,1.358405035271935,0.023101682292090257,0.5573123771045668
MTR_a_06,-2.3166904776634962,-1.4774803199845457,0.09340901886938877,0.5081774939689875,-2.728701636521439,0.19287026648441685,0.838780367979245,0.8205784524302638
MTR_b_01,-1.9079900454021166,1.5101893157129302,0.05643262879039866,1.268529583289493,0.31874270931328447,0.42854880540328044,-1.0758712916817406,-0.4020169336713049
MTR_b_02,1.2010062631511271,3.4855950997632514,-0.11942753879463944,-1.5325884981898636,0.5754192630652993,-0.3554800431809564,0.05061226459754934,0.38557005067782246
MTR_b_03,0.8697048578805161,1.0538126185030012,-0.9532966044403447,-1.1094732754629504,-1.010712525272557,-1.5848382329885395,1.0728494110182034,0.2948329612895293
MTR_b_04,2.9903844078253017,-2.528916565341572,1.2519101322735737,1.8948427492679534,-0.8138686811243953,-0.6737127205699315,-0.14171660139578035,0.5539542795461398
MTR_b_05,3.0069052010751953,-0.6405218574345297,2.247880721981562,0.2593174481533107,-0.3397464239750877,-1.2651432059573762,0.7530627180963834,-0.04038617572200471
MTR_b_06,0.3886495238653312,1.120366280632817,0.5660920007131337,-0.9789807342202719,-0.7227910970459168,-1.2148668481893548,-0.5193887396628307,0.8359520055542281
MTR_c_01,-2.99310051335407,0.0620330320904442,0.19419193911907295,0.38403611496289664,-1.0148893947741975,0.8412255415026794,-0.8246062052554064,-0.15195851996704302
MTR_c_02,-0.15961388763929507,1.401251175417619,0.6908348729984316,-0.5853187256079395,-0.6089690217225667,1.1256778306429502,-2.006644317716926,-0.23947481674283527
MTR_c_03,-3.826705214311007,4.557915838358281,-2.846495782990064,1.5397343518699316,-0.3220145306691067,-0.591717732595188,0.16417710097783952,-1.4676099202200883
MTR_c_04,1.9445548109736104,1.2206057257512388,2.0504329917660025,1.2561939532291604,-0.24451528712039788,-0.6712480968783435,-1.062835215777729,0.3514595163350732
MTR_c_05,0.5529481253624734,-2.1838212137092765,1.3878672681124729,-1.0319300033431917,-1.4736792178575522,-0.48383534480495516,-0.15006743241577133,0.16413295669757808
MTR_c_06,-1.8309611427033317,-1.7510570248560067,-0.2823590206003723,0.7683245311522102,-0.41817035846921,0.03070629971244516,-0.540479410192205,-1.0198778258796786
MTR_d_01,-0.568755943083453,-1.9845564404418095,-0.015841477651538413,-2.831502442446343,-0.9344811584118883,-0.8447479086563385,0.7942577437423585,-0.10350110072959194
MTR_d_02,0.3039623503524106,0.31929309686905377,-0.1613263404149178,-2.062672744201947,-1.0254629053937192,1.3369109540750774,-0.06587043202747618,-0.18465771855852578
MTR_d_03,1.398971215767571,-0.6882277537629122,-0.024763302846290018,1.3122975512046888,-1.9339271902825603,-0.02697286154499197,0.26214934280878227,-0.25043591621613664
MTR_d_04,-4.617817074667689,-1.0941588801036708,-0.48152380372964965,-0.2181783357569897,1.3815083252909854,-1.0807088207685458,0.3691055388503818,-0.4674347245719374
MTR_d_05,0.934333159263178,-1.7657162553311092,1.3013376161885033,-0.44487619943147644,1.3355269724048517,-1.0776510750083825,-1.501457376404239,-1.0765562322392461
MTR_d_06,-2.4460786351667383,1.8705834353382085,0.8081866614503624,-0.017846183034547644,1.2515552148890952,-0.8490774165942914,0.6176609892762059,-0.5238559318660821
MTR_e_01,-3.3734743970209418,1.0567803623897396,-1.5325277718098047,-0.18806556895583165,0.6389627455297018,-0.09004781324566695,1.807841648400725,0.3360897801127144
MTR_e_02,0.8528183672616002,-0.6007733700566859,0.13693235660510938,-2.454979998173777,-0.03232543161970311,0.025557237501574764,-0.06622385245125728,0.27772968789198166
MTR_e_03,1.2904535166992017,0.9436401395846256,-0.7916526204144031,0.8434169683249534,-1.361216909988272,-1.770874181101926,0.5271027855029728,-1.0759485321647875
MTR_e_04,-3.6439759072229188,0.3903718137674331,1.1193270484319688,0.5915347394741429,-1.5142117754240134,-1.1025027899005506,0.5889188989737674,0.598772453082038
MTR_e_05,-3.5694566701528228,-2.9019935385473317,2.466376665054821,1.3145553313485854,0.9380024166256912,0.12512570842431972,0.9341018082836028,-0.24305727387484416
MTR_e_06,1.8132606456273996,0.6804707624333011,-1.0362052460313482,-1.445448331124811,0.8950163650455853,0.7276585313082141,-1.1553669581765906,0.42422111026748377
MTR_f_01,1.3965210649058521,2.4235252579042488,1.7828621397897808,-0.9116751295986384,1.0342262091506402,-1.1516867997663716,-0.6121986681383985,0.7433663092812351
MTR_f_02,-1.4068501135549265,0.08888141408599265,-1.9608347222590474,0.5021158652881965,-1.0315766214390454,-0.1134557074563236,0.7143366821686472,0.321856605331469
MTR_f_03,-0.4269987061470251,3.3507671683422258,-1.989336366917926,-1.6010858173562186,0.990057029820707,-1.3577035493681464,-0.600749671171196,-0.908389554014273
MTR_f_04,-3.0854923713661453,-0.2578600724067801,1.228470488813851,0.45118391051161466,0.2541791297343579,-0.6041069869990398,0.3910014632394679,-0.4053422251383138
MTR_f_05,1.6097574020681558,-0.779885512705649,1.9289688931742766,2.025702608288867,-0.7221430323289818,1.3728999964456112,0.14731705783624288,-0.3819126237187742
MTR_f_06,3.459570575907017,-0.47358805196224457,0.8188075402893417,1.1773663137063528,-0.3401447902130752,0.9361585157041005,-0.01968529613676381,0.8429625694078399
MTR_g_01,-3.9278850861932426,-0.9766602931100128,-2.366526764912909,0.8811094064744875,2.101445537883753,1.7062468547230525,0.5232655829128289,0.5914260925968982
MTR_g_02,4.09284428561069,-0.5823665442303755,-2.7028818686165583,2.6801252391395183,-1.2672751697369875,1.2752310556749091,-1.046492689525491,0.4144689207753778
MTR_g_03,0.1879811395447633,1.070004565773272,2.568386947493251,-1.453483180391727,-0.5981043814776789,0.4562460189899326,0.5384301137736169,-1.0985179207470632
MTR_g_04,2.325006706932063,-2.284431850999776,-1.2274239475432187,-1.0321697803175787,0.7591193279475935,0.060096311515456385,1.8131147277983637,1.087088965803357
MTR_g_05,-1.7597626841489062,-1.6341592363113855,-0.978509936750224,-0.09503030508983697,1.266540737229404,0.5485180153478857,-0.49302942510836006,0.6501303094977297
MTR_g_06,1.8281057102201845,-2.036666208504849,-0.0306000391691997,0.5062718433358605,1.4698864946079941,-0.31008206076559397,-0.8011610695153845,1.0694451090910966
MTR_h_01,0.0918192726369631,1.0582709683067473,-0.2554335016329863,-0.5267018257771591,-0.37627803768320933,2.9145652464995147,-0.810988615212007,0.4370667561596764
MTR_h_02,-0.16910565862292815,-1.9953429044557762,3.0905599847248677,-1.18311005931174,1.1364419519323616,0.8505317152670875,-0.40567019483881395,-0.2912178533869015
MTR_h_03,1.7157229983420976,0.6422875735753278,0.8505250888616324,-1.3563094592549139,-2.7638542993017685,1.2629175029939235,-0.30244431110500014,-0.21590255061072514
MTR_h_04,-3.5497213784024138,-3.421577339562048,-0.5438609117893929,1.4568118972744357,-1.4733146423543009,-0.23842911027140667,-1.0809786133990675,0.28938670608370026
MTR_h_05,-4.647586687724043,-0.0019549138047978186,0.8950409924138938,1.4300253638297247,0.44877578463385837,0.7619046473053183,-0.906211659318563,-0.43046238836768363
MTR_h_06,-3.1923600566685026,-0.37054110307989324,0.47793279932265637,0.030714989580852205,0.9038267417712553,-0.14222806462163595,0.48008196742369214,-0.48632255484882175
MTR_i_01,0.0817068805037008,-1.1534174145758507,1.9760363414762365,-2.30548761293784,0.43453738026071975,-1.0420527860862203,-0.05908314999211466,0.07933467170561795
MTR_i_02,3.226142816271822,-1.774045160960835,-1.2873324173953704,0.4969437719966743,-1.1284660620875087,-0.8161695633975898,0.16518336797664737,-0.5465614663107287
MTR_i_03,-2.2208000191846273,-0.5942717207848625,-2.1111051650329653,1.0296959399436085,-0.6570058481682636,-0.08679848620944454,-0.7549074094626748,-0.19586209875857624
MTR_i_04,3.9724293427451114,0.6762549201308893,-4.918887863693147,1.5306351702899035,1.07961522520956,-0.2406828605418331,0.5289775798270676,0.853752988247699
MTR_i_05,-0.8159422310894164,2.327875393406503,-1.6195456809254856,-1.8959431421844561,0.9477923936968478,0.017246227782238936,-1.1075835012702009,0.20737890704251957
MTR_i_06,0.9313147982891274,0.2795306984425264,-0.419830207017425,-2.2083928417137146,-0.04440233742915748,-1.7296464832235048,-0.6512330946613551,0.6837850743712289
MTR_j_01,2.1623015293487713,-4.256308602981492,-1.3021490629778543,0.21636774551082846,0.8376028077111284,0.12337460455935198,0.899320624242148,-0.06727180500057328
MTR_j_02,3.5898467065614534,-2.518898910435535,-3.3529750503111324,0.1580578024181519,1.0567723171018535,1.891633529145702,-1.1256822690240142,-0.8657085263623688
MTR_j_03,2.070838059358313,-2.821802933620785,-2.583578900365024,-1.7740804258132794,-0.11122898187127472,-1.359684690834876,-1.3789205997290372,-0.30406396346325903
MTR_j_04,-2.207134771876071,-2.612337599769341,0.4022485170882052,1.1576352749915093,-0.379627449994213,-1.8057562303088848,-1.5327091170140872,0.36154364271020284
MTR_j_05,0.7787504447929409,-0.6687060217408963,-3.275903204140175,-2.3682722414273267,-0.5618743468428911,-0.744348642508191,0.18037345067223784,-2.349995193359509
MTR_j_06,-4.4133917293049025,3.053502734714514,-0.4589821185733912,0.2129288152604353,-0.20323913906334323,1.023562990808902,1.67876781760894,-1.0338845046678338
MTR_k_01,2.723880606953164,-1.14927226992373,0.32563804816802394,0.10086089329986618,0.5243513667600435,1.377437368392512,-0.5365040085799784,-1.477179414982088
MTR_k_02,-0.7041290054039552,0.003448518635154784,2.2408459001341074,0.20944702167752927,-0.6865241321136687,0.04349198537017792,-1.101710324862928,0.7572339960132055
MTR_k_03,2.856695999312864,-1.3126847612321204,-0.12180224654519076,-0.6628283706005402,0.2802201482120862,-0.9325917876896398,-0.9112030197307792,-0.2925331444291309
MTR_k_04,2.1068451156329457,0.7993202494271666,0.39540407381942616,0.595833778063901,-0.6731609573220652,0.4976918367790637,1.6248262397411513,0.3899272571438527
MTR_k_05,1.4737071696940187,-2.3932068303441763,0.3812163767838882,0.8931196831398638,1.1031885593105235,0.16344169464653344,-0.5767603387234731,-0.2822655719399151
MTR_k_06,2.1759426542157794,0.9358798220852188,2.9333205937627644,0.6722836222446349,0.27729453976516205,0.2443773753121257,0.19843068753916981,-0.5939390089213887
MTR_l_01,3.3829653557877832,-1.6511375652734726,-3.6925685780506856,-1.0068367031904477,1.340460401630618,0.921646982187715,0.5356906762690106,-0.42280787037517703
MTR_l_02,1.2520990569463288,-1.5031218431393705,0.737042820086998,-1.4470744459096985,-0.5242609968992246,0.17885550509325907,1.0591231330466035,-0.16023474492226927
MTR_l_03,3.614668366557797,-0.21139685892147525,-2.424664479742862,0.29617495629838986,-1.3420251140905843,0.16280032721621673,2.093260277630381,1.2680182583963395
MTR_l_04,1.1683117395111777,0.3983036301838125,3.577433131541153,-0.9477211564577617,1.0066310076648024,1.269847856867054,0.768734298469192,0.9817983365512599
MTR_l_05,3.2260893894697054,1.5470783869351221,-4.684923201818165,0.38274078713462256,-0.5071517576416513,0.12906219759926313,0.8787126451354835,0.8715298589363311
MTR_l_06,0.1127409256299179,-2.0601982462384947,-1.031856745561437,-1.4842983082891819,1.5376178577590587,0.6080463384535408,0.3338959168768218,-1.086249001733445
MTR_m_01,1.897061829821582,1.3932669809036242,-0.4231091702674156,-2.1535287351821486,1.025064201303811,0.591580916641614,-1.3760324829999275,0.8839183942768127
MTR_m_02,1.8642494968660046,-1.178942099036027,1.9701092623756449,0.8017247708350537,1.0007827702542191,-1.239905988615487,0.14584923235695677,-0.12503499769954296
MTR_m_03,-4.3379413964543945,-1.3491791211821502,0.24073059329829197,-0.2601808649078476,-1.0714459983710942,0.9259195547271841,1.0643673963148095,0.20428143980610872
MTR_m_04,-2.0797337605088906,-0.3374110583629621,0.5606907383234649,0.8687735294127273,0.5871324751306057,1.3470982806342442,0.27226442559707503,0.068604698438481
MTR_m_05,-1.731558896038158,0.3624603418606889,-0.894092893308181,1.4918517841050876,2.3365857006071034,-1.0232165745434116,-1.8263780562764342,0.8105212657859466
MTR_m_06,3.1867086347206217,4.78809145442237,0.07227127730248906,1.6577404643020561,1.7993012188181736,0.3383604423422522,0.9756820323529751,-0.6092651608549182
MTR_n_01,-2.260229817857515,-4.313126983887726,2.028152546371851,-0.21146487430308783,-0.8557313005341352,-1.6141160476459766,0.12911708128249857,-0.5184789409180356
MTR_n_02,1.2357997047725187,2.616357479124378,1.6095101768634013,1.4384405144115873,0.6010283106650028,0.22775997827523442,-0.3526805768086908,-0.3274788055566529
MTR_n_03,-4.223205393774142,-4.302054994404543,0.35719880108008584,2.1316435493383117,0.11492305686722858,-1.446319409185029,-0.6366076489081707,-0.9101614906583607
MTR_n_04,-4.81613321648781,-0.804045258820035,0.5047585014928467,1.1082386871662324,2.0127441995518667,-0.8222434968266029,-0.5514850411419778,0.08601534489604896
MTR_n_05,-0.4271805703909579,0.5550431750977253,1.4777040661665302,-0.8383768757233199,-0.28289918429906086,0.995665933171358,0.6628759428493244,-0.05151491906942867
MTR_n_06,-2.841089915985128,-1.4578747453710648,0.3760360223664962,0.7377754778634171,1.4985250661419387,0.28092729489481094,-0.2738189499236858,0.5151827040465214
MTR_o_01,-0.18902592238261098,-0.6785903272446027,0.36179192155484385,-1.8034761458944368,-0.6155389976432054,0.619148548361934,-0.21284889144267768,0.640796052259414
MTR_o_02,-4.040064267872689,-2.0673833715352985,-0.29247723845835866,0.1924262064142955,0.1399679723668134,-0.19271932090558766,0.5763478972462242,-1.1256133756161126
MTR_o_03,-2.0143261918010715,3.1245312110121084,-1.291944246887013,0.43021493949610523,-0.002960053676390508,0.27595548994196994,0.3825316685602319,-0.8333876974098681
MTR_o_04,2.241813692180676,1.0041021486887576,-0.1245421673142749,3.7818366733092987,1.6530993240086358,1.8708607213304176,-2.320633980025271,-0.504821306484055
MTR_o_05,0.7585978349175844,2.2571506267864225,3.1668188759877713,2.7312460825258538,0.7260639683128045,-0.13074217203517788,-0.001664258513951835,0.8557518842789705
MTR_o_06,1.9191601057374887,-0.18041267464590613,0.15846491636420232,2.7751977481844037,1.13593175017088,-2.4932426292347407,-1.5018192331695923,0.6586933318767071
MTR_p_01,-1.6443409113023897,-1.3656909341508439,-1.3372151543342452,0.6674508021578781,-1.340077147491818,0.694384718568066,1.286636291560155,1.235249212089802
MTR_p_02,-3.5411834572424254,-1.1968812902012793,0.7210606711825402,0.004759468538046424,-0.3164784608363776,-0.7299566199434065,0.6847972971546443,-0.91986662540496
MTR_p_03,0.6424374491675455,-1.0794991364265731,-0.056866171050820404,-2.0212267744957195,-2.5712420685690947,-0.5545998129939912,-0.12162988065563816,0.7438423562501778
MTR_p_04,1.6249017257790126,-1.2655484686994412,-1.9405874330821427,-0.0315295934783318,0.14502060878587533,-1.0034033092239172,0.2646554864871792,-0.4236043760975319
MTR_p_05,2.2503914443916915,-0.38115693275183443,2.0278275859325534,0.2910511720517932,-1.7610847571233894,-0.10599039577003606,0.1932588201138497,-0.869581280867957
MTR_p_06,-0.26474922085975117,1.192164800239994,-1.3352000587660808,-2.6814508632487275,-1.0286597147507786,-1.3596585766892715,-1.7692804133490165,0.30714379926239005
MTR_q_01,-0.06701017033202555,-1.7119202386839731,2.2459096000816356,-0.8011457945516732,0.17310741246695305,1.5265322565576258,-1.265115885021334,-0.9539736131038087
MTR_q_02,1.4519649529792478,-1.2072826959765588,0.5800356277733018,-0.6741542763303359,0.7619431121524964,0.6940749837867723,-0.9979972928016184,0.15543006968813294
MTR_q_03,-2.609280222087464,-3.325906028931426,-1.0407263150470476,-0.48618185645545176,0.05283967061083744,-0.2541183348218287,1.1020926221362881,-0.3416487224006673
MTR_q_04,-0.22321652764316763,1.8910988072315087,-0.6932395503577845,-1.3951563904154354,-0.7322134810925823,0.23601731792359387,-0.8881835150872787,-0.882736586912139
MTR_q_05,0.5624589502050974,-4.518892824779377,1.1742571320547674,-1.0182955827013196,-0.9923879340052854,0.7003374982831148,-0.5863031202877887,0.7381494714316468
MTR_q_06,-0.4959640248297686,0.6074809256517059,3.0403747643726504,-0.477973594138815,1.58418651100682,0.3905528369689511,-0.5999353891382466,-0.8592892814140801
MTR_r_01,2.0198642377895317,3.1921986374303892,-3.3241748329864858,-2.220363169695692,-0.5559636785624369,-0.781874180582031,-2.504066643066303,-0.03070673505302027
MTR_r_02,0.6785307301853184,-1.7521733587292387,-1.7068867596807196,-1.565087133734204,-0.9100066397946235,-0.9928851931052307,-0.42118916765715736,0.027149911908338036
MTR_r_03,0.3955923431273924,-0.18234369929355174,2.761349374656162,-0.8451232731823206,1.0779702582028994,-0.9038614838810151,-0.3912777726903067,-0.944531415347
MTR_r_04,1.6471777270550574,-0.10030076746291385,0.764806740195711,1.0888492962778784,-1.1860774072885905,0.24820105283440533,-0.4650195725427421,-0.4684589833477591
MTR_r_05,0.9434800829645659,0.5588414966968182,-0.19330828390231042,-1.5647497509802013,0.8410800839284129,2.02496838828672,-0.22827141365718154,-0.96202753968106
MTR_r_06,-3.583250758230119,1.1361959260950496,-2.1624001371311845,2.4277825601185534,-4.255373483973244,-0.8718687742311056,-1.337541505812415,-0.17869527861386827
